<?xml version="1.0" encoding="UTF-8"?>
<project-private xmlns="http://www.netbeans.org/ns/project-private/1">
    <editor-bookmarks xmlns="http://www.netbeans.org/ns/editor-bookmarks/2" lastBookmarkId="0"/>
    <open-files xmlns="http://www.netbeans.org/ns/projectui-open-files/2">
        <group>
            <file>file:/D:/Semester%204/PRJ301/PRJ301-hotelManagement/src-code/HotelManagementSystem/web/common/manageroomstatus.jsp</file>
            <file>file:/D:/Semester%204/PRJ301/PRJ301-hotelManagement/src-code/HotelManagementSystem/src/java/DTO/RoomDTO.java</file>
            <file>file:/D:/Semester%204/PRJ301/PRJ301-hotelManagement/src-code/HotelManagementSystem/web/role/manager.jsp</file>
            <file>file:/D:/Semester%204/PRJ301/PRJ301-hotelManagement/src-code/HotelManagementSystem/src/java/controllers/MainController.java</file>
            <file>file:/D:/Semester%204/PRJ301/PRJ301-hotelManagement/src-code/HotelManagementSystem/src/java/mylib/IConstants.java</file>
            <file>file:/D:/Semester%204/PRJ301/PRJ301-hotelManagement/src-code/HotelManagementSystem/src/java/DAO/RoomDAO.java</file>
            <file>file:/D:/Semester%204/PRJ301/PRJ301-hotelManagement/src-code/HotelManagementSystem/src/java/controllers/ManageRoomStatus.java</file>
        </group>
    </open-files>
</project-private>
